id,creationdate
08eaf662-db7c-47d6-8dfa-1e568c310603,2016-01-28T06:33:09Z
17c7eb30-ec11-4f59-b01e-9f9e1c89c3cf,2024-09-22T22:39:33Z
52a96891-25df-4f3d-b2e4-bbf7bf62541c,2020-02-01T03:02:42Z
f67c5ee9-a716-4e21-99ce-8462e1bb82fb,2021-10-10T20:18:00Z
123cf0c1-9e95-4ebd-a2bd-369855ace8aa,2016-10-13T02:37:40Z
9e793a1d-878d-4181-8d96-daee8f4ccf40,2022-07-12T18:52:49Z
f1fa0773-40bb-40e4-8cdb-fc04e9465a22,2019-03-28T22:00:46Z
234f4598-7960-44c2-82cb-9911718f576a,2022-01-26T00:41:41Z
c96458bd-6086-42ff-88f4-ca92a360ebbb,2022-10-13T10:22:57Z
c5bf2644-6dfb-46da-8484-6ed4b068023c,2022-02-01T23:27:32Z
c2d03532-d5fd-4de3-877b-75ca2a3957d3,2019-11-18T17:47:08Z
1abd53a9-4703-4c00-8b2d-f8f054c51286,2019-09-12T10:28:14Z
7b56d6df-a453-4095-a445-854540dbf203,2017-12-18T16:11:45Z
b5a9036d-5e87-40ba-8b65-b84963a0be51,2021-05-28T10:50:14Z
5287062a-25cb-41a7-a3aa-7870f15953c7,2016-09-03T04:42:16Z
bbc584f3-97ad-4e04-b73a-71d2434fefe3,2015-04-07T03:55:52Z
56d185eb-c9cb-4d66-8d7a-f02c8e2f4ebc,2018-11-06T20:16:12Z
0fa2a6ff-7401-4249-adf8-3adce4266074,2016-05-10T12:02:47Z
194780ab-7d03-4d66-8bfa-8e301d2d7bee,2022-05-22T06:28:34Z
64777f31-2044-44cc-a861-a4a048affe13,2020-07-17T09:58:48Z
2016a428-4b8d-4b71-8e2d-ecd856d61155,2024-11-07T21:55:29Z
2d1994f3-c6f6-4366-bb23-b32ca46fa157,2024-02-22T23:48:48Z
3bf850d8-df19-4a38-981e-f842e37e6c47,2017-08-18T01:15:19Z
a5b499a4-afc0-4f83-8851-c8cdd31c4395,2024-08-11T04:00:44Z
087c2e71-9857-4199-a25b-58afe59a36a2,2015-11-19T14:55:50Z
389bcfa4-5634-4ff1-b28a-708c8669f692,2020-05-24T21:45:49Z
d42472e6-7fef-46d1-9c57-56a614bdbd9a,2022-09-18T20:34:12Z
61fc3d55-b1b6-4a87-a00b-28d510bf8a06,2020-09-08T06:06:47Z
41fec526-305a-4ee7-a278-3e7ed80c2b08,2017-07-14T16:45:47Z
2a2c74b1-9a0f-49d8-88b9-35ea296986f2,2015-09-14T11:57:10Z
