id,username
80d3107f-6cb6-47fa-9889-93bc989bf627,Reynolds7710
56d185eb-c9cb-4d66-8d7a-f02c8e2f4ebc,Effertz3844
3bf850d8-df19-4a38-981e-f842e37e6c47,Langworth6033
46935cc3-219a-4334-9999-7244c93d3cb5,Heller9196
04d419a1-4192-4b03-95aa-bfcde2674403,Zboncak9309
ffe61711-391e-4eb2-a6b4-b1ebe7616e48,Considine7154
0091c6e8-27b3-49c8-9b5d-e328c03fd3e3,Padberg5218
7b56d6df-a453-4095-a445-854540dbf203,Rowe4968
f1fa0773-40bb-40e4-8cdb-fc04e9465a22,Mertz1773
bea8cba0-62e9-45e9-b341-690f85ee8283,Cronin5456
70876292-e9e4-417f-b946-0e4c47501a94,Bernier9687
2d477928-9450-42e2-abe8-3095340fbbbe,Murray4249
9e793a1d-878d-4181-8d96-daee8f4ccf40,Bayer3973
8de94010-7842-447e-94e9-135040c3d17f,Hodkiewicz9168
c96458bd-6086-42ff-88f4-ca92a360ebbb,Hackett4677
d42472e6-7fef-46d1-9c57-56a614bdbd9a,Rempel9001
0b469220-f96e-481f-92b0-d8e2f3b66017,Waelchi2224
cd647312-85ab-4e64-8b94-b169ed848e04,Pagac5789
64777f31-2044-44cc-a861-a4a048affe13,Heathcote9505
d2d9e2a9-3c76-40db-8370-113e368f3ab4,Ziemann9002
2a2c74b1-9a0f-49d8-88b9-35ea296986f2,Kautzer2080
c5bf2644-6dfb-46da-8484-6ed4b068023c,Mertz3522
389bcfa4-5634-4ff1-b28a-708c8669f692,Quigley5287
5287062a-25cb-41a7-a3aa-7870f15953c7,Harris4993
ee605b97-ee64-4eb4-94a8-5e7ac5c07c60,Rempel4814
bbc584f3-97ad-4e04-b73a-71d2434fefe3,Herzog6432
2016a428-4b8d-4b71-8e2d-ecd856d61155,Waters1071
e6f81c16-8d05-4015-8f7b-203d0fad7190,Harber4597
ee9398e5-cd71-41cc-897a-3cdef2439f80,Murphy9371
52a96891-25df-4f3d-b2e4-bbf7bf62541c,Littel9277
